{"cameraMode":{"drawMode":0,"name":"Shaded","section":"Shading Mode"},"sceneLighting":false,"audioPlay":false,"sceneViewState":{"showFog":true,"showMaterialUpdate":false,"showSkybox":true,"showFlares":true,"showImageEffects":true,"showParticleSystems":true},"in2DMode":false,"pivot":{"x":-0.0047893524169921879,"y":18.697246551513673,"z":2.2414140701293947},"rotation":{"x":-0.10143229365348816,"y":0.6938015222549439,"z":-0.09971576929092407,"w":-0.7059799432754517},"size":106.24244689941406,"orthographic":false}