{"cameraMode":{"drawMode":0,"name":"Shaded","section":"Shading Mode"},"sceneLighting":false,"audioPlay":false,"sceneViewState":{"showFog":true,"showMaterialUpdate":false,"showSkybox":true,"showFlares":true,"showImageEffects":true,"showParticleSystems":true},"in2DMode":false,"pivot":{"x":0.4309999942779541,"y":0.23749977350234986,"z":-0.01250004768371582},"rotation":{"x":-0.12241671234369278,"y":0.5735236406326294,"z":-0.08725737780332566,"w":-0.8052769899368286},"size":0.7458112239837647,"orthographic":false}