{"cameraMode":{"drawMode":0,"name":"Shaded","section":"Shading Mode"},"sceneLighting":false,"audioPlay":false,"sceneViewState":{"showFog":true,"showMaterialUpdate":false,"showSkybox":true,"showFlares":true,"showImageEffects":true,"showParticleSystems":true},"in2DMode":false,"pivot":{"x":33.788734436035159,"y":-9.105974197387696,"z":17.0169620513916},"rotation":{"x":-0.22332531213760377,"y":0.21830445528030396,"z":-0.0514155738055706,"w":-0.9485912919044495},"size":76.53190612792969,"orthographic":false}