{"cameraMode":{"drawMode":0,"name":"Shaded","section":"Shading Mode"},"sceneLighting":false,"audioPlay":false,"sceneViewState":{"showFog":true,"showMaterialUpdate":false,"showSkybox":true,"showFlares":true,"showImageEffects":true,"showParticleSystems":true},"in2DMode":false,"pivot":{"x":-9.739999771118164,"y":5.524969577789307,"z":0.4074993133544922},"rotation":{"x":-0.28319936990737917,"y":0.6389181017875671,"z":-0.2738494873046875,"w":-0.6607482433319092},"size":59.809364318847659,"orthographic":false}