{"cameraMode":{"drawMode":0,"name":"Shaded","section":"Shading Mode"},"sceneLighting":true,"audioPlay":false,"sceneViewState":{"showFog":true,"showMaterialUpdate":false,"showSkybox":true,"showFlares":true,"showImageEffects":true,"showParticleSystems":true},"in2DMode":false,"pivot":{"x":-5.737242698669434,"y":2.915816068649292,"z":7.267421245574951},"rotation":{"x":0.050247397273778918,"y":0.2704387307167053,"z":-0.014072896912693978,"w":0.9613220691680908},"size":5.95813512802124,"orthographic":false}