{"cameraMode":{"drawMode":0,"name":"Shaded","section":"Shading Mode"},"sceneLighting":false,"audioPlay":false,"sceneViewState":{"showFog":true,"showMaterialUpdate":false,"showSkybox":true,"showFlares":true,"showImageEffects":true,"showParticleSystems":true},"in2DMode":false,"pivot":{"x":190.77371215820313,"y":-12.907857894897461,"z":119.4781723022461},"rotation":{"x":-0.008603273890912533,"y":-0.958040714263916,"z":0.2850608825683594,"w":-0.028712699189782144},"size":465.44879150390627,"orthographic":false}