{"cameraMode":{"drawMode":0,"name":"Shaded","section":"Shading Mode"},"sceneLighting":false,"audioPlay":false,"sceneViewState":{"showFog":true,"showMaterialUpdate":false,"showSkybox":true,"showFlares":true,"showImageEffects":true,"showParticleSystems":true},"in2DMode":false,"pivot":{"x":0.0017258465522900224,"y":2.8510985374450685,"z":0.3818700313568115},"rotation":{"x":-0.03967459127306938,"y":-0.6640494465827942,"z":-0.035247959196567538,"w":0.7458028197288513},"size":15.316576957702637,"orthographic":false}