{"cameraMode":{"drawMode":0,"name":"Shaded","section":"Shading Mode"},"sceneLighting":false,"audioPlay":false,"sceneViewState":{"showFog":true,"showMaterialUpdate":false,"showSkybox":true,"showFlares":true,"showImageEffects":true,"showParticleSystems":true},"in2DMode":false,"pivot":{"x":228.84848022460938,"y":351.1658630371094,"z":-89.65870666503906},"rotation":{"x":-0.16835957765579225,"y":0.38352423906326296,"z":-0.0714028999209404,"w":-0.9052435159683228},"size":38.09824752807617,"orthographic":false}